RMS ch 1,RMS ch 2,RMS ch 3,RMS ch 4,WL ch 1,WL ch 2,WL ch 3,WL ch 4,VAR ch 1,VAR ch 2,VAR ch 3,VAR ch 4,IEMG ch 1,IEMG ch 2,IEMG ch 3,IEMG ch 4,MF ch 1,MF ch 2,MF ch 3,MF ch 4,PF ch 1,PF ch 2,PF ch 3,PF ch 4,labels
7522.708518533856,3652.1588785916297,4988.831992070903,3557.7305110211964,2137.5733708751013,1020.1762484114881,1321.1669012329926,886.6992378400295,54960016.595070735,11771136.81408927,23269595.220111504,11082920.879552284,6535288.566867907,3594170.3926267116,4594120.446749479,3531384.482728769,0.10354506240184763,0.1032507641025557,0.09731248594074371,0.09588529161323286,0.08571428571428572,0.0035714285714285713,0.08571428571428572,0.0035714285714285713,0
10146.806132424475,8166.700520243543,5986.5354355634545,7289.948701644526,3484.5776264503506,3086.323844801672,2296.68527716203,2120.5651410094724,101278900.67829484,65036152.32680559,34179855.85705032,51457636.27497922,9109107.160495758,7209257.707340676,5690574.709234183,6473993.0396893695,0.10726816479225715,0.1128468469786195,0.10889582105699004,0.09551279262160503,0.08214285714285714,0.03214285714285714,0.07928571428571428,0.032857142857142856,0
4593.184933718296,3444.498564007799,2379.413397959267,3194.591512550831,1282.7104533883848,984.2752102620327,569.0685987926556,818.6883353561855,19480248.55174928,10233176.64990219,4036112.4954970176,8588575.5982985,4161046.548361663,3240040.894968072,2432971.3093169117,3024058.1526000337,0.10376965783326852,0.10784206954389106,0.09922671515069807,0.10340756486104553,0.04,0.04,0.06428571428571428,0.041428571428571426,0
