RMS ch 1,RMS ch 2,RMS ch 3,RMS ch 4,WL ch 1,WL ch 2,WL ch 3,WL ch 4,VAR ch 1,VAR ch 2,VAR ch 3,VAR ch 4,IEMG ch 1,IEMG ch 2,IEMG ch 3,IEMG ch 4,MF ch 1,MF ch 2,MF ch 3,MF ch 4,PF ch 1,PF ch 2,PF ch 3,PF ch 4,labels
21238.668223455647,21756.05996548496,22198.36544306237,24597.16938818736,10532.789149507526,11933.405729536207,11069.601715495342,9663.85560742383,450146593.1898917,472346166.41752094,491838349.9737202,604023144.5284146,19163749.01163669,19530909.161221888,19575748.88323457,22227548.905346535,0.14335270020167973,0.16024831444134108,0.1445131684393228,0.1194265002911948,0.10714285714285714,0.17357142857142857,0.115,0.065,0
7558.185940171065,4086.369537485813,4567.592153729559,3370.475421834333,2359.2096163187093,1340.4366520867334,1338.0942442656349,941.0585020118609,55571500.09594255,15092326.888308203,19272896.707999434,9776773.873808509,6525502.523118718,3766821.800995026,4030174.1658704565,3074911.5811460633,0.10543441360133211,0.10941796170490085,0.10614551666974148,0.11149335752636527,0.030714285714285715,0.030714285714285715,0.03142857142857143,0.07071428571428572,0
6232.232735318393,4410.345158932699,3648.6069215396037,4160.0888219581575,2060.3868829398302,1485.0883565271138,1301.420747856211,1329.3006273889905,37162797.39158179,17781433.887052592,11663416.789395534,15647072.479624912,5582944.493928159,3983196.7158167413,3512027.6379385367,3911729.231599777,0.10887135945020489,0.11033408795025093,0.11596983945917408,0.1054500496739584,0.016428571428571428,0.007142857142857143,0.08928571428571429,0.07357142857142857,0
